display_id,role,sequence
GenBank_CP003830_Region_176667_176966,terminator,aagaatcgttcttctttctttctttctttttatttataacgaaagaagagatgttggcgtatacttgaacttatgaatgatgtgttgtattcaggagcctgaaagtaatgtggtgtgtggtgggcggtgggacgaggaagagtcgggataagttgggatgatagatggtggagcaagattgcataagcaaaagttgagaagcgcaaagttgagaagaagtgtggacggctcgtgttgcgggttcagggagcagaagggagggaatgtggagattgttcggagagagggatagattgggac
GenBank_AE017346_Region_940695_942557,promoter,tctagaaaccagtcattgaaacggtaacaagcataacttccgatgtagcttaccgcctgccactcgtcccactgttcatcacccgcttcgatcttatgctcaacctcgttccaattcatacccgacttttccaagacgtcactgattggattgatgtaattcttcatgagatagtttatgtggtgatacagataatcaccagtcaaacgtttctggatgagtttctgcatatccggatcatcgttgatttgttcttgcagatcagaacaagcggctttgtcggtaattttgaacttctcattggtacagctagaaatggggcacagttaattttcagtgaaaggtgatcgatagatactgaggaggacatacgattgataatcaatgatattatctaccacgaattcatcaagagcatggatgtgggcaaaagtcatagaattaccttggctgatagtgtgttgggtctgtgagccgccggttgttcccctttgcttccttttgcctcggtatcctttccccttgcccttccccttggttgctcggcctgtatttttgggtccatttgggccaagaggcggttgccaatcatatcttgatgcgactgtctcaagttgttggcttggttgtgcttccggcgttgtactggtaggggtggatacaatggagtattcaaaacgttcatccatggggacattacgttgctgctggcgagctggtagattgggatctagttggaatagtggattatggtgggcaacttcgtatgcgctcatttgagagagagggcaagattcattaagtgaggaaatggatgtcggaggcgagcgcacattatcatccgtgcaatgataagaagtgccaccaaaatggagaggacgagctgcagcatctggctgcgttggagaacgataggaggagacccacaagtgatttctcgagggtcgatgacttgtcgaagcaatagtaggagattgggaaggctggctggagccatggttggtttggtcggccaagggtataaagtgatgagaggatgcctgcattatcgcttcaagctggatttgagataataaatatgggtcataaatgtatggaaagttaatgcaaggttgccgagggaacttgttgaagagatacctcctcagtcctgtaactattataacgaaagatgagcgcgagtggagacgaaggattgatggaagatgcatgacggtatgacggcatctgctgatcttcgctgattacttctacctcagaggcaagaggtaggataatcattattactggaaggggagatttttggactctgattccgataaatgaacgattcaaacgctgatctgccgagcaccccctttatgtgcctgttgaaggtttatccgattcaactgagaaaaagcggtaaccaccgattcaacggctactacggtgttgtgccattttattccaacattgccgagcgacgcgaacacgccggaaaaatcacgtaggtagtgtggagaccccggtgcaacaagcgatgacttaaaggcaaatgccgcggggattttcgccatttgccgctgcattaccaaatgtggcagaggagtttatagaaagaacgagatggagggatttggaaacgaggcggaaacgaacgcatggggagtgaatcagcgaatagaaattcgcgcgagtcgactcgtgccctgtcgcttgcgtcatcgtagtagcccttcagcctttcaactttcccacattctcttgaattattttggctgatttgctttctcttttctctttctcttttcttccaacaatttaacaaactcttttgttctatccattgaatccttctaggagtatacttgcataaataca
GenBank_CP003820_Region_1242235_1243067,promoter,gctgcgaggatgtgagctggagagcggcgcacgggaaggggaggactcacataagcatgcaggattcgagtggcatggtgtgcgctgagtgtatggttgtcggaggagaggatgatggtaacaacaatagcagcaacgtcactcgacgcgcgtccggtgtgccacacggggtaacgccgagtcgccgtcagggtcgccgagaccactctcacagcgtcaccgttggcaccagctcagcttacagcttctatcctccgccagcatccacatacatcccctataccgcatcccccacccactgcccaaggtgagtcatcttcccgcccccttcccttgcccgccactcagtcctccatcctccactaatccaccttatcgcacccaccgcctatcgcacatccgagcacaatgctgggcctgccaggggctgctagatggtgctctccccacgctgatctgcatgccggccattggatcatgggtgctaggtgctgggtgctggatgttggatgctggatgctgggtgcacgcttggtcatttccttccaggattgacggtcgccgagaggacgacgtggcgttcgacaacgagggccgatagcaccgcatcgcctcgacctgcatccatctcgccttgtccttttggtgcaacaatccatccgtgctggtgccacacgcatagctggaagagatggatgtgcgttgaacagagctgccgtcaggactttttggtgcacggaccctattgtcctccccaatcttcaccgcgtctcctaatatgcagcctctttgctaattgtctttttccattagtaaactcgcccaacatgtct
amdS,CDS,atgcctcaatcctgggaagaactggccgctgataagcgcgcccgcctcgcaaaaaccatccctgatgaatggaaagtccagacgctgcctgcggaagacagcgttattgatttcccaaagaaatcggggatcctttcagaggccgaactgaagatcacagaggcctccgctgcagatcttgtgtccaagctggcggccggagagttgacctcggtggaagttacgctagcattctgtaaacgggcagcaatcgcccagcagttaacaaactgcgcccacgagttcttccctgacgccgctctcgcgcaggcaagggaactcgatgaatactacgcaaagcacaagagacccgttggtccactccatggcctccccatctctctcaaagaccagcttcgagtcaagggctacgaaacatcaatgggctacatctcatggctaaacaagtacgacgaaggggactcggttctgacaaccatgctccgcaaagccggtgccgtcttctacgtcaagacctctgtcccgcagaccctgatggtctgcgagacagtcaacaacatcatcgggcgcaccgtcaacccacgcaacaagaactggtcgtgcggcggcagttctggtggtgagggtgcgatcgttgggattcgtggtggcgtcatcggtgtaggaacggatatcggtggctcgattcgagtgccggccgcgttcaacttcctgtacggtctaaggccgagtcatgggcggctgccgtatgcaaagatggcgaacagcatggagggtcaggagacggtgcacagcgttgtcgggccgattacgcactctgttgaggacctccgcctcttcaccaaatccgtcctcggtcaggagccatggaaatacgactccaaggtcatccccatgccctggcgccagtccgagtcggacattattgcctccaagatcaagaacggcgggctcaatatcggctactacaacttcgacggcaatgtccttccacaccctcctatcctgcgcggcgtggaaaccaccgtcgccgcactcgccaaagccggtcacaccgtgaccccgtggacgccatacaagcacgatttcggccacgatctcatctcccatatctacgcggctgacggcagcgccgacgtaatgcgcgatatcagtgcatccggcgagccggcgattccaaatatcaaagacctactgaacccgaacatcaaagctgttaacatgaacgagctctgggacacgcatctccagaagtggaattaccagatggagtaccttgagaaatggcgggaggctgaagaaaaggccgggaaggaactggacgccatcatcgcgccgattacgcctaccgctgcggtacggcatgaccagttccggtactatgggtatgcctctgtgatcaacctgctggatttcacgagcgtggttgttccggttacctttgcggataagaacatcgataagaagaatgagagtttcaaggcggttagtgagcttgatgccctcgtgcaggaagagtatgatccggaggcgtaccatggggcaccggttgcagtgcaggttatcggacggagactcagtgaagagaggacgttggcgattgcagaggaagtggggaagttgctgggaaatgtggtgactccatag
CnU6_terminator,terminator,
GenBank_CP003831_Region_176453_177430,promoter,gcggggagtacaggctaagcgtaggcataagcatcagtgtgatggtcagggacccttgacaatcctcacaaagagcgagtaatctatatgctcccctaacacattgactcttcccggtgctcgaacaatatagttgggttgcccgccaaactcttttacaaaagtttgaactagagcgctccacctttgcctgtgatgaacaaatacagtgtcagccggttgattctgttatatctgcgtaacaacgtacctctcccgctgaagagcttcctctgtgttataaatctcattgagattgtgaaatgcaggaacaggtcgtagctcctccggacccattttgaacatgatatacctgcggaaaacaagaccgtcgattcggctttgtgggcgatataaatagtggtttcattgtctggactaagtgggctgtctttccgatggcgctcgcaacgtgtcaacgtatacttgcaaaagttgctatgtacaatatcgaaagacatttacaaatcggcatgaaggtttgtgtggttcgctgtgaattgtccctgaataatgcacgcggacactctccggacaaacgatccggacttgagccctgctggcaagaaatagaaattattcccatttgatgtcatcatcgatgcaacagaattcccgtttatcattttctcttctacacattcccgttcgcagaattcccgttcatcgcttcctctactacacattcccgttcgcagaattgcccatcctcgaaattcccgttcgaacaaagcattatttgggcaagattcccgttcgtgctcgggtccaattctgagtattcccgttcatgattctgttgcatcgactttccctaataggtgttgggaagaggatgtcagcatccagtataaaagatgtagaatgcagcctcaatgaccatgagctatgatagcaaacattgaatcgcaataacacactcaaccgctcacctgcatt
Nourseothricin_resistance,CDS,atgactcttgacgacacggcttaccggtaccgcaccagtgtcccgggggacgccgaggccatcgaggcactggatgggtccttcaccaccgacaccgtcttccgcgtcaccgccaccggggacggcttcaccctgcgggaggtgccggtggacccgcccctgaccaaggtgttccccgacgacgaatcggacgacgaatcggacgacggggaggacggcgacccggactcccggacgttcgtcgcgtacggggacgacggcgacctggcgggcttcgtggtcgtctcgtactccggctggaaccgccggctgaccgtcgaggacatcgaggtcgccccggagcaccgggggcacggggtcgggcgcgcgttgatggggctcgcgacggagttcgcccgcgagcggggcgccgggcacctctggctggaggtcaccaacgtcaacgcaccggcgatccacgcgtaccggcggatggggttcaccctctgcggcctggacaccgccctgtacgacggcaccgcctcggacggcgagcaggcgctctacatgagcatgccctgcccctaa
GenBank_CP003831_Region_178967_179986,promoter,gatcaggcgctggctgtgagttgattgccgctgttctgccttttcccccatccccgtcctgacgctctgatactgcagtctatccattgatggaggggagcaagatagtatagtgaagtcgtattgtctctgcaatgtaattctctttgccatgcatatgcttgagcctgtgccttctctttaatcgacagcactgacaatctcttgcagtttcgtcgcagtagtcacgcgtatatgtttccatagttccggcgggaagttatcttactaaatacggtatcgaaggaattacacaatatttgtactccggcggtggaaacaggtcttgtcgaaccctgatgaagcgaaagctaagaggttcgaaagtagcaaaatcatactttaaaatcttttatacgcgagtccaacttcgctgacaagaaaatggtagtgggccttgcgaatgaatgaggagagaaagttttagctgtggattcccagcaggcctccttacttaagtttgattaaaaattattacgaaaagatatatatagtaataaatttgaaatgaactaatcataatcgaaaaattcccgttcaacataaattcccgttcatttaaattcccgttcaacataaattcccgttcatttaaattcccgttcaacataaaattcccgttcataaattcccatggcattcatcatcatgaatcctttgttgtatagttattatataacggatattcccgttcgtatccattgcatatcttatcgcatagtcttcccgttcatcgtctcatcatcaagttattgattgtcaattcacgcttacatattcccgttcttctgtctaccatctatctatcacatcatctgtgaattcttcccgtttttatgggaagactgtcgtcatgttgtcaattgagcagcagacataatcgatgctatatatctagagcttcacggctcaggctgaacttggattaatgtggactactttcacaacgaatacttatcagcactcaattctctcctgaga
GenBank_CP003831_Region_375181_376053,terminator,ttacttatgtagtgacccttcttacgcgtaatatgcatcggatgactgttgctacttgtgcttcttacgttttgtgtcttatttgctgatgtatacctctgcgcttcaaaatcttcattgccgtgatatatcattccatgtcgtttgtccgttattggattcccgatagttgtccgcgaaatcgaatatttctcggctgacgacgtctcttgcaacaataaaatggccatcactgttgaaatttgcacgagagctataacttggaataaccttcgttgctgctttattttagtgctttcaactatttactcattctcaggtcgccaccatcgcattgatatcgttccttccatccttcctttcctttagtcggtcacgtcttccttaatccgtcactccttttttcagtcgttcctggagatcaccacgaaataatctcgacatgcactgaccatctcggttctgtggactgtcatgctaagagagttcatgttgtaataatagtttgttgcatggaaagaacggggaaagaagcaagaaacagatgtacagaattaccgatgtctctacgcatccctgacctcgtccttcctaccgcaaccgcacttccacctgctcacacgtcctcgttaatgccttgaatctcagccacacacttacctcgcctcgacgcttgtcgggccagggcacccccttcatcaacctgggaagagttggcggggcaaacggaggagggatggggcaggaagagggggatggcgcacgtcgagtggatttggaagaaaaggggttggtcgaggtggaagtcgaagcgaagatgttgaatgtcatgtttgggaacgggggatctttagaagactatgagattgaacg
mCherry,CDS,atggtgagcaagggcgaggaggataacatggccatcatcaaggagttcatgcgcttcaaggtgcacatggagggctccgtgaacggccacgagttcgagatcgagggcgagggcgagggccgcccctacgagggcacccagaccgccaagctgaaggtgaccaagggtggccccctgcccttcgcctgggacatcctgtcccctcagttcatgtacggctccaaggcctacgtgaagcaccccgccgacatccccgactacttgaagctgtccttccccgagggcttcaagtgggagcgcgtgatgaacttcgaggacggcggcgtggtgaccgtgacccaggactcctccctgcaggacggcgagttcatctacaaggtgaggctgcgcggcaccaacttcccctccgacggccccgtaatgcagaagaagaccatgggctgggaggcctcctccgagcggatgtaccccgaggacggcgccctgaagggcgagatcaagcagaggctgaagctgaaggacggcggccactacgacgctgaggtcaagaccacctacaaggccaagaagcccgtgccgctgcccggcgcctacaacgtcaacatcaagttggacatcacctcccacaacgaggactacaccatcgtggaacagtacgaacgcgccgagggccgccactccaccggcggcatggacgagctgtacaagtaa
Neomicin_Resistance,CDS,atgattgaacaagatggattgcacgcaggttctccggccgcttgggtggagaggctattcggctatgactgggcacaacagacaatcggctgctctgatgccgccgtgttccggctgtcagcgcaggggcgcccggttctttttgtcaagaccgacctgtccggtgccctgaatgaactgcaggacgaggcagcgcggctatcgtggctggccacgacgggcgttccttgcgcagctgtgctcgacgttgtcactgaagcgggaagggactggctgctattgggcgaagtgccggggcaggatctcctgtcatcccaccttgctcctgccgagaaagtatccatcatggctgatgcaatgcggcggctgcatacgcttgatccggctacctgcccattcgaccaccaagcgaaacatcgcatcgagcgagcacgtactcggatggaagccggtcttgtcgatcaggatgatctggacgaagagcatcaggggctcgcgccagccgaactgttcgccaggctcaaggcgcgcatgcccgacggcgaggatctcgtcgtgacccatggcgatgcctgcttgccgaatatcatggtggaaaatggccgcttttctggattcatcgactgtggccggctgggtgtggcggaccgctatcaggacatagcgttggctacccgtgatattgctgaagagcttggcggcgaatgggctgaccgcttcctcgtgctttacggtatcgccgctcccgattcgcagcgcatcgccttctatcgccttcttgacgagttcttctga
GenBank_CM000046_Region_302227_303005,CDS,atgtcctcccaagccctcgactccgccaaagttgccttcatcgaggctgccatcgaacatggcgtgcttcttttcggcaactttaccttgaagtccggccggtgagccatattgcagcgcttcacagtccaatcgaatctgacatgtgttcagccaatccccttacttcttcaatgccggtctcctttactcttcatcgcttctctcaactaccgctcaggcttacgccaaggtactttcctcttctaggattcctgactttgacgtcctcttcggcccagcttacaagggtatctccttggctgctgtctccgctgtaagcctttatcagcaaaccggcaaagatatcggctactgctacaacaggaaggagaagaaggacgtgagtctgtcctaaccagtgcgacagcgatgagctcataagccagtagcacggtgagggcggtactatggtcggtgcgcctctcaagggacgaatcgtcatcatcgacgatgttctcacctctggcaaggccatccgtgaagctattgacattctcaaggcctcccctgaagcgaagcttgtcggaattgtccagcttgtcgacagacaagagaaaggccagagcggtagcggcaagagtaccgtacaggaggttgaggaagagttcggtgtgcctgtcgagcctattattggtttggacgacattgtgaagtacttagaaagctccggcaagtgggaaaaggagctgcaagaggtcaggaagtacagggcggagtacggtgttcagaggtcttaa
Cas9,CDS,atggacaagaagtacagcattgggctcgatatcggcacaaacagcgtcggttgggccgtcattacggacgagtacaaggtgccgagcaaaaaattcaaagttctgggcaataccgatcgccacagcataaagaagaacctcattggcgccctcctgttcgactccggggagacggccgaagccacgcggctcaaaagaacagcacggcgcagatatacccgcagaaagaatcggatctgctacctgcaggagatctttagtaatgagatggctaaggtggatgactctttcttccataggctggaggagtcctttttggtggaggaggataaaaagcacgagcgccacccaatctttggcaatatcgtggacgaggtggcgtaccatgaaaagtacccaaccatatatcatctgaggaagaagcttgtagacagtactgataaggctgacttgcggttgatctatctcgcgctggcgcatatgatcaaatttcggggacacttcctcatcgagggggacctgaacccagacaacagcgatgtcgacaaactctttatccaactggttcagacttacaatcagcttttcgaagagaacccgatcaacgcatccggagttgacgccaaagcaatcctgagcgctaggctgtccaaatcccggcggctcgaaaacctcatcgcacagctccctggggagaagaagaacggcctgtttggtaatcttatcgccctgtcactcgggctgacccccaactttaaatctaacttcgacctggccgaagatgccaagcttcaactgagcaaagacacctacgatgatgatctcgacaatctgctggcccagatcggcgaccagtacgcagacctttttttggcggcaaagaacctgtcagacgccattctgctgagtgatattctgcgagtgaacacggagatcaccaaagctccgctgagcgctagtatgatcaagcgctatgatgagcaccaccaagacttgactttgctgaaggcccttgtcagacagcaactgcctgagaagtacaaggaaattttcttcgatcagtctaaaaatggctacgccggatacattgacggcggagcaagccaggaggaattttacaaatttattaagcccatcttggaaaaaatggacggcaccgaggagctgctggtaaagcttaacagagaagatctgttgcgcaaacagcgcactttcgacaatggaagcatcccccaccagattcacctgggcgaactgcacgctatcctcaggcggcaagaggatttctacccctttttgaaagataacagggaaaagattgagaaaatcctcacatttcggataccctactatgtaggccccctcgcccggggaaattccagattcgcgtggatgactcgcaaatcagaagagaccatcactccctggaacttcgaggaagtcgtggataagggggcctctgcccagtccttcatcgaaaggatgactaactttgataaaaatctgcctaacgaaaaggtgcttcctaaacactctctgctgtacgagtacttcacagtttataacgagctcaccaaggtcaaatacgtcacagaagggatgagaaagccagcattcctgtctggagagcagaagaaagctatcgtggacctcctcttcaagacgaaccggaaagttaccgtgaaacagctcaaagaagactatttcaaaaagattgaatgtttcgactctgttgaaatcagcggagtggaggatcgcttcaacgcatccctgggaacgtatcacgatctcctgaaaatcattaaagacaaggacttcctggacaatgaggagaacgaggacattcttgaggacattgtcctcacccttacgttgtttgaagatagggagatgattgaagaacgcttgaaaacttacgctcatctcttcgacgacaaagtcatgaaacagctcaagaggcgccgatatacaggatgggggcggctgtcaagaaaactgatcaatgggatccgagacaagcagagtggaaagacaatcctggattttcttaagtccgatggatttgccaaccggaacttcatgcagttgatccatgatgactctctcacctttaaggaggacatccagaaagcacaagtttctggccagggggacagtcttcacgagcacatcgctaatcttgcaggtagcccagctatcaaaaagggaatactgcagaccgttaaggtcgtggatgaactcgtcaaagtaatgggaaggcataagcccgagaatatcgttatcgagatggcccgagagaaccaaactacccagaagggacagaagaacagtagggaaaggatgaagaggattgaagagggtataaaagaactggggtcccaaatccttaaggaacacccagttgaaaacacccagcttcagaatgagaagctctacctgtactacctgcagaacggcagggacatgtacgtggatcaggaactggacatcaatcggctctccgactacgacgtggatcatatcgtgccccagtcttttctcaaagatgattctattgataataaagtgttgacaagatccgataaaaatagagggaagagtgataacgtcccctcagaagaagttgtcaagaaaatgaaaaattattggcggcagctgctgaacgccaaactgatcacacaacggaagttcgataatctgactaaggctgaacgaggtggcctgtctgagttggataaagccggcttcatcaaaaggcagcttgttgagacacgccagatcaccaagcacgtggcccaaattctcgattcacgcatgaacaccaagtacgatgaaaatgacaaactgattcgagaggtgaaagttattactctgaagtctaagctggtctcagatttcagaaaggactttcagttttataaggtgagagagatcaacaattaccaccatgcgcatgatgcctacctgaatgcagtggtaggcactgcacttatcaaaaaatatcccaagcttgaatctgaatttgtttacggagactataaagtgtacgatgttaggaaaatgatcgcaaagtctgagcaggaaataggcaaggccaccgctaagtacttcttttacagcaatattatgaattttttcaagaccgagattacactggccaatggagagattcggaagcgaccacttatcgaaacaaacggagaaacaggagaaatcgtgtgggacaagggtagggatttcgcgacagtccggaaggtcctgtccatgccgcaggtgaacatcgttaaaaagaccgaagtacagaccggaggcttctccaaggaaagtatcctcccgaaaaggaacagcgacaagctgatcgcacgcaaaaaagattgggaccccaagaaatacggcggattcgattctcctacagtcgcttacagtgtactggttgtggccaaagtggagaaagggaagtctaaaaaactcaaaagcgtcaaggaactgctgggcatcacaatcatggagcgatcaagcttcgaaaaaaaccccatcgactttctcgaggcgaaaggatataaagaggtcaaaaaagacctcatcattaagcttcccaagtactctctctttgagcttgaaaacggccggaaacgaatgctcgctagtgcgggcgagctgcagaaaggtaacgagctggcactgccctctaaatacgttaatttcttgtatctggccagccactatgaaaagctcaaagggtctcccgaagataatgagcagaagcagctgttcgtggaacaacacaaacactaccttgatgagatcatcgagcaaataagcgaattctccaaaagagtgatcctcgccgacgctaacctcgataaggtgctttctgcttacaataagcacagggataagcccatcagggagcaggcagaaaacattatccacttgtttactctgaccaacttgggcgcgcctgcagccttcaagtacttcgacaccaccatagacagaaagcggtacacctctacaaaggaggtcctggacgccacactgattcatcagtcaattacggggctctatgaaacaagaatcgacctctctcagctcggtggagacagcagggctgaccccaagaagaagaggaaggtgtga
GenBank_CM000046_Region_301512_302226,promoter,gatcttggggatggtattgaagacgatccagaaaaagtctctccatccctcccacgttcgctgttcggtttctttgcaaagagcgaagttgctcgacctttgacagaccctaaaatctggtcgtattttgcgttcaaagatcgcttactgcgaccgcgattttttagaggtggattttttgttgcgagagctagcgcatcggataggcatgggtgatatacgtttgcgttccttatgaggggtatcatcagtggcaaattaccgactagatgaagaagacgacctacaccccgctaaccggtgtccgatcgacatgatccacggtgtccaaagcgaagaaggacatgatgattggagttcgcttacctttggtataaaccagtgttgtttctgaagaggtgaggaagaaaatgatctagggcaataacagaaatcgtttgaagaagaagtaaaagaaaagaacacacgtcagacaagcatcatcatcattcattttgaatactcatcacggcaccttcttccttgcatgcgcattattcatgatgagatgctcgcagccgccggatttcggctgcaatcaagaacgatatcgcgtacggcgatgtccgcctccactccatcttccaacaaccaccacagtgcccgataacactacgacgaaaattgttcttttttggatcttgtcgacaacggcgaccaaaacaagaacttgatc
GenBank_CP003831_Region_377755_378976,promoter,cattctatgctatacggtacaagattgtggctactatgcaagctccatagcgaatgatcttacactgaccttgtcgaccgttctgaatgattaacaatggtcgcaagtgtggttgacccacctgcgggcgcttcttaactatctatcatcggtatgtcaagtatcactccctttaaacaaaagaataagagcataatacagcagtctcatcatggcaacccttcgcgcaatgtacaaaaagcagccagaagcccccacgcacaagcaataatgtcgtgttctaccctgccatgaacaagcgtcatggccattagcgaacgccccaatattcagccccattcgccaagcaagttgcctcgcccccttcccagaagatcatgggcatctcgtcttcttctaatttcgcattttgtgaagctccattcatgcacgtcggcttctggacgactcttatcatatgcattggcctgctcggtgtgaggatgagccactcccacatgtttagacggcaggggcctcttgccacccgttgaatttttggtgcgaagacgtgcctgggaacgacctccactttaaatttctccgttgttgcggtcgctccatcctcctcacatttcttgcctcctaagtcccatgtgccacactcggtgaaaaacggagtttgatacggatgaaatttccagtgagcttttcacattctggaggtttcgaaaaaaattgtgggattttctgaattaatccgagaatccgccctgcccatcaaccggaaagaattaaatccctcgcacattcctttctcccaccaccttctttatctctacattctttaaccaaaacacctaggtgagtacccaaagtcttttgacacctttgaaaatccgcgccagtcgtagggcacgtaaaacaattctcgctggtggcttctgcaggtgaagtcggggcagagtggagctgagcatggtcgaccacccacatcattctgtcttgtttttggcgatgtcttccatgcttttgccctcatctgttgcgtcgactgcagagtactgttttgccactactgagctcaacatgggcttgtgtgtggtgaagaaaaaaatttggtggctcttgaaaattttcaacccatcggatacatgcccttccaactcacaacgccctaacactttattgtcctatcattgcctcttcgcacatgctaacgatctccacagaaaacttcaaa
GenBank_AE017348_Region_871991_872263,promoter,ttgcattagaactaaaaacaaagcatgattattacagttcatttattttttaaattgatcggcatgcatgcaaagtatacgtgcaaggacaatggtaacctgcaggtgtgaccgataattataaccatttgttgagaatgaagaggtgaggagaaaaacaatggatgacgggaaaaaaataaaaaaacactgagacggcgtggaccgccgtcttatttgcttccgttatccgccaaagtggaaattgcacatacaccggcagggtatactgtt
GenBank_CM000046_Region_303006_303540,terminator,gggttttcttcttaaatgcacgggtttaggtctagctaatcaagttccgacatattacaagtttgtaagcttgtatcaaaggaacttaagtacaggcaggcgtgctgaggcgacaaaggaagctgtaatatgattgttggctgtcaatcttcatcgtatctactttgtcaatactgacttcaatgacccaataatacaattttattagtgttgacccagaatggttagcaggaaactccccttctcttcctctcaatcccaatcatacttcatatctcctgctccccccatttccgtcttcctcgatgactccctggtcccatccctcccacctcctggaggcaagctggagcacctggacctaatgggtcgtcgccccaaattgcctccacctcttaagacaatcatcgtccaatcaaactctgaactatcttccaagccaatggccggatctggacacaagatgatgtcgaagccgcttgatgtgccagggttggtccgtggcctggagacacgtagagcgggtagtctggga
GFP,CDS,atggtgagcaagggcgaggagctgttcaccggggtggtgcccatcctggtcgagctggacggcgacgtaaacggccacaagttcagcgtgtccggcgagggcgagggcgatgccacctacggcaagctgaccctgaagttcatctgcaccaccggcaagctgcccgtgccctggcccaccctcgtgaccaccttcacctacggcgtgcagtgcttcagccgctaccccgaccacatgaagcagcacgacttcttcaagtccgccatgcccgaaggctacgtccaggagcgcaccatcttcttcaaggacgacggcaactacaagacccgcgccgaggtgaagttcgagggcgacaccctggtgaaccgcatcgagctgaagggcatcgacttcaaggaggacggcaacatcctggggcacaagctggagtacaactacaacagccacaacgtctatatcatggccgacaagcagaagaacggcatcaaggtgaacttcaagatccgccacaacatcgaggacggcagcgtgcagctcgccgaccactaccagcagaacacccccatcggcgacggccccgtgctgctgcccgacaaccactacctgagcacccagtccgccctgagcaaagaccccaacgagaagcgcgatcacatggtcctgctggagttcgtgaccgccgccgggatcactcacggcatggacgagctgtacaagtaa
GenBank_CP047908_Region_1244167_1244926,promoter,
Hygromicin_Resistance,CDS,atgaaaaagcctgaactcaccgcgacgtctgtcgagaagtttctgatcgaaaagttcgacagcgtctccgacctgatgcagctctcggagggcgaagaatctcgtgctttcagcttcgatgtaggagggcgtggatatgtcctgcgggtaaatagctgcgccgatggtttctacaaagatcgttatgtttatcggcactttgcatcggccgcgctcccgattccggaagtgcttgacattggggaattcagcgagagcctgacctattgcatctcccgccgtgcacagggtgtcacgttgcaagacctgcctgaaaccgaactgcccgctgttctgcagccggtcgcggaggccatggatgcgatcgctgcggccgatcttagccagacgagcgggttcggcccattcggaccgcaaggaatcggtcaatacactacatggcgtgatttcatatgcgcgattgctgatccccatgtgtatcactggcaaactgtgatggacgacaccgtcagtgcgtccgtcgcgcaggctctcgatgagctgatgctttgggccgaggactgccccgaagtccggcacctcgtgcacgcggatttcggctccaacaatgtcctgacggacaatggccgcataacagcggtcattgactggagcgaggcgatgttcggggattcccaatacgaggtcgccaacatcttcttctggaggccgtggttggcttgtatggagcagcagacgcgctacttcgagcggaggcatccggagcttgcaggatcgccgcggctccgggcgtatatgctccgcattggtcttgaccaactctatcagagcttggttgacggcaatttcgatgatgcagcttgggcgcagggtcgatgcgacgcaatcgtccgatccggagccgggactgtcgggcgtacacaaatcgcccgcagaagcgcggccgtctggaccgatggctgtgtagaagtactcgccgatagtggaaaccgacgccccagcactcgtccgagggcaaaggaatag
GenBank_AE017353_Region_190704_1911746,promoter,agaagcaggtcttgtcgaaccccggggatgcgacagcagaggttcgaacacgcaaaatcgtaatttgatatttatatgcgcgcccaccttcgctgacaattcccgttcatgaatcgtttgtcagtaattgacgcgccgggggtgccttgggggagtgttgtcaattaacatacaaatattcccgttcgtatcaatttgcatatccatctcatcacatagtagtattcccgttcgtatccatttgcatatctcgtcacatagtcttcccgttcgtatccatttcatatcgtaacatcatacagtcttcacaatcttcccgttcgtcctctcatcgtcaagccattgattgtcaatacacgcctacatattcccgttctcttgtctgccacatcgctcgtgcgttcttcccgtttttatgggaagactggggtcatgtcgtcaatacagcagcagacataatgggtgttatat
GenBank_CP003831_Region_176110_177085,promoter,ctattaaagatcgaagatcagctatgccggtccatgccatgtatatggacttaccctacttcattttgggctatttgattgcagcgctcgagagcttgagggtatgcgttgtgcgcattgtcaatgatgatgggcaagtagcgaccagagaccagaagtgagaggacaacgtgagatcctatgtatccgagtccaccggtgacaaggacgttctgtaatgagaattagccttggttttgttgtaattgtaatagaatggtcccactttcaaaggctgtccatggacagacaagcttgatgtcgacgtttggttcatggtaactcgagtctgttcaaaaaccataatgcaggtgagcggttgagtgtgttattgcgattcaatgtttgctatcatagctcatggtcattgaggctgcattctacatcttttatactggatgctgacatcctcttcccaacacctattagggaaagtcgatgcaacagaatcatgaacgggaatactcagaattggacccgagcacgaacgggaatcttgcccaaataatgctttgttcgaacgggaatttcgaggatgggcaattctgcgaacgggaatgtgtagtagaggaagcgatgaacgggaattctgcgaacgggaatgtgtagaagagaaaatgataaacgggaattctgttgcatcgatgatgacatcaaatgggaataatttctatttcttgccagcagggctcaagtccggatcgtttgtccggagagtgtccgcgtgcattattcagggacaattcacagcgaaccacacaaaccttcatgccgatttgtaaatgtctttcgatattgtacatagcaacttttgcaagtatacgttgacacgttgcgagcgccatcggaaagacagcccacttagtccagacaatgaaaccactatttatatcgcccacaaagccgaatcgacggtcttgttttccgcaggtatatc
GenBank_CP003828_Region_1023919_1024166,terminator,gtgaaggcggtaaggggttaattttccttagagggtgtatatatacatattagagaagtgatacaattttagcacactgcgaatccgagacagacatcgtgtcaatcatcttttttgacattatatgcccattaatctatctacagacaacaataccatccttcccaccctcagcaacgccgttgaatcctcaggatcttcatggctccttgtctctgaaaccaggaagctagtttctacatctcttc
